image,class,subset
image/1209.jpeg,bumper_dent,V
image/1210.jpeg,unknown,V
image/1211.jpeg,unknown,V
image/1212.jpeg,unknown,V
image/1213.jpeg,door_scratch,V
image/1214.jpeg,glass_shatter,V
image/1215.jpeg,unknown,V
image/1216.jpeg,door_dent,V
image/1217.jpeg,door_dent,V
image/1218.jpeg,unknown,V
image/1219.jpeg,door_dent,V
image/1220.jpeg,door_dent,V
image/1221.jpeg,head_lamp,V
image/1222.jpeg,door_scratch,V
image/1223.jpeg,tail_lamp,V
image/1224.jpeg,glass_shatter,V
image/1225.jpeg,door_dent,V
image/1226.jpeg,glass_shatter,V
image/1227.jpeg,door_scratch,V
image/1228.jpeg,unknown,V
image/1229.jpeg,bumper_scratch,V
image/1230.jpeg,tail_lamp,V
image/1231.jpeg,bumper_dent,V
image/1232.jpeg,unknown,V
image/1233.jpeg,unknown,V
image/1234.jpeg,unknown,V
image/1235.jpeg,bumper_scratch,V
image/1236.jpeg,unknown,V
image/1237.jpeg,unknown,V
image/1238.jpeg,door_scratch,V
image/1239.jpeg,unknown,V
image/1240.jpeg,tail_lamp,V
image/1241.jpeg,door_dent,V
image/1242.jpeg,door_scratch,V
image/1243.jpeg,glass_shatter,V
image/1244.jpeg,door_scratch,V
image/1245.jpeg,door_dent,V
image/1246.jpeg,unknown,V
image/1247.jpeg,unknown,V
image/1248.jpeg,bumper_scratch,V
image/1249.jpeg,head_lamp,V
image/1250.jpeg,unknown,V
image/1251.jpeg,tail_lamp,V
image/1252.jpeg,unknown,V
image/1253.jpeg,door_dent,V
image/1254.jpeg,unknown,V
image/1255.jpeg,unknown,V
image/1256.jpeg,tail_lamp,V
image/1257.jpeg,unknown,V
image/1258.jpeg,head_lamp,V
image/1259.jpeg,bumper_dent,V
image/1260.jpeg,head_lamp,V
image/1261.jpeg,head_lamp,V
image/1262.jpeg,tail_lamp,V
image/1263.jpeg,unknown,V
image/1264.jpeg,unknown,V
image/1265.jpeg,unknown,V
image/1266.jpeg,tail_lamp,V
image/1267.jpeg,head_lamp,V
image/1268.jpeg,unknown,V
image/1269.jpeg,tail_lamp,V
image/1270.jpeg,unknown,V
image/1271.jpeg,bumper_dent,V
image/1272.jpeg,door_dent,V
image/1273.jpeg,unknown,V
image/1274.jpeg,head_lamp,V
image/1275.jpeg,tail_lamp,V
image/1276.jpeg,door_dent,V
image/1277.jpeg,bumper_scratch,V
image/1278.jpeg,unknown,V
image/1279.jpeg,door_dent,V
image/1280.jpeg,unknown,V
image/1281.jpeg,door_scratch,V
image/1282.jpeg,unknown,V
image/1283.jpeg,tail_lamp,V
image/1284.jpeg,door_dent,V
image/1285.jpeg,unknown,V
image/1286.jpeg,unknown,V
image/1287.jpeg,door_scratch,V
image/1288.jpeg,unknown,V
image/1289.jpeg,glass_shatter,V
image/1290.jpeg,head_lamp,V
image/1291.jpeg,door_dent,V
image/1292.jpeg,head_lamp,V
image/1293.jpeg,unknown,V
image/1294.jpeg,unknown,V
image/1295.jpeg,unknown,V
image/1296.jpeg,unknown,V
image/1297.jpeg,tail_lamp,V
image/1298.jpeg,door_scratch,V
image/1299.jpeg,unknown,V
image/1300.jpeg,glass_shatter,V
image/1301.jpeg,bumper_dent,V
image/1302.jpeg,unknown,V
image/1303.jpeg,glass_shatter,V
image/1304.jpeg,unknown,V
image/1305.jpeg,door_scratch,V
image/1306.jpeg,head_lamp,V
image/1307.jpeg,tail_lamp,V
image/1308.jpeg,bumper_scratch,V
image/1309.jpeg,bumper_dent,V
image/1310.jpeg,bumper_scratch,V
image/1311.jpeg,unknown,V
image/1312.jpeg,unknown,V
image/1313.jpeg,glass_shatter,V
image/1314.jpeg,bumper_dent,V
image/1315.jpeg,door_dent,V
image/1316.jpeg,head_lamp,V
image/1317.jpeg,tail_lamp,V
image/1318.jpeg,bumper_dent,V
image/1319.jpeg,unknown,V
image/1320.jpeg,bumper_dent,V
image/1321.jpeg,unknown,V
image/1322.jpeg,unknown,V
image/1323.jpeg,door_scratch,V
image/1324.jpeg,bumper_dent,V
image/1325.jpeg,glass_shatter,V
image/1326.jpeg,unknown,V
image/1327.jpeg,door_dent,V
image/1328.jpeg,unknown,V
image/1329.jpeg,door_scratch,V
image/1330.jpeg,unknown,V
image/1331.jpeg,glass_shatter,V
image/1332.jpeg,bumper_dent,V
image/1333.jpeg,tail_lamp,V
image/1334.jpeg,unknown,V
image/1335.jpeg,door_scratch,V
image/1336.jpeg,bumper_scratch,V
image/1337.jpeg,unknown,V
image/1338.jpeg,glass_shatter,V
image/1339.jpeg,bumper_scratch,V
image/1340.jpeg,bumper_dent,V
image/1341.jpeg,door_scratch,V
image/1342.jpeg,unknown,V
image/1343.jpeg,door_dent,V
image/1344.jpeg,unknown,V
image/1345.jpeg,glass_shatter,V
image/1346.jpeg,head_lamp,V
image/1347.jpeg,door_dent,V
image/1348.jpeg,head_lamp,V
image/1349.jpeg,door_scratch,V
image/1350.jpeg,door_dent,V
image/1351.jpeg,glass_shatter,V
image/1352.jpeg,door_dent,V
image/1353.jpeg,door_dent,V
image/1354.jpeg,unknown,V
image/1355.jpeg,bumper_scratch,V
image/1356.jpeg,bumper_dent,V
image/1357.jpeg,unknown,V
image/1358.jpeg,bumper_dent,V
image/1359.jpeg,bumper_dent,V
image/1360.jpeg,door_dent,V
image/1361.jpeg,unknown,V
image/1362.jpeg,glass_shatter,V
image/1363.jpeg,unknown,V
image/1364.jpeg,bumper_dent,V
image/1365.jpeg,bumper_dent,V
image/1366.jpeg,bumper_scratch,V
image/1367.jpeg,door_scratch,V
image/1368.jpeg,unknown,V
image/1369.jpeg,unknown,V
image/1370.jpeg,head_lamp,V
image/1371.jpeg,unknown,V
image/1372.jpeg,glass_shatter,V
image/1373.jpeg,bumper_dent,V
image/1374.jpeg,unknown,V
image/1375.jpeg,unknown,V
image/1376.jpeg,unknown,V
image/1377.jpeg,head_lamp,V
image/1378.jpeg,bumper_dent,V
image/1379.jpeg,door_scratch,V
image/1380.jpeg,tail_lamp,V
image/1381.jpeg,door_dent,V
image/1382.jpeg,unknown,V
image/1383.jpeg,unknown,V
image/1384.jpeg,glass_shatter,V
image/1385.jpeg,door_scratch,V
image/1386.jpeg,door_dent,V
image/1387.jpeg,unknown,V
image/1388.jpeg,unknown,V
image/1389.jpeg,bumper_dent,V
image/1390.jpeg,unknown,V
image/1391.jpeg,glass_shatter,V
image/1392.jpeg,bumper_scratch,V
image/1393.jpeg,unknown,V
image/1394.jpeg,door_dent,V
image/1395.jpeg,door_scratch,V
image/1396.jpeg,glass_shatter,V
image/1397.jpeg,door_dent,V
image/1398.jpeg,unknown,V
image/1399.jpeg,bumper_scratch,V
image/1400.jpeg,tail_lamp,V
image/1401.jpeg,door_scratch,V
image/1402.jpeg,door_dent,V
image/1403.jpeg,unknown,V
image/1404.jpeg,unknown,V
image/1405.jpeg,glass_shatter,V
image/1406.jpeg,tail_lamp,V
image/1407.jpeg,unknown,V
image/1408.jpeg,head_lamp,V
image/1409.jpeg,unknown,V
image/1410.jpeg,unknown,V
image/1411.jpeg,door_dent,V
image/1412.jpeg,unknown,V
image/1413.jpeg,door_scratch,V
image/1414.jpeg,bumper_dent,V
image/1415.jpeg,bumper_dent,V
image/1416.jpeg,bumper_dent,V
image/1417.jpeg,unknown,V
image/1418.jpeg,door_dent,V
image/1419.jpeg,door_dent,V
image/1420.jpeg,unknown,V
image/1421.jpeg,unknown,V
image/1422.jpeg,unknown,V
image/1423.jpeg,unknown,V
image/1424.jpeg,bumper_dent,V
image/1425.jpeg,tail_lamp,V
image/1426.jpeg,unknown,V
image/1427.jpeg,tail_lamp,V
image/1428.jpeg,unknown,V
image/1429.jpeg,door_dent,V
image/1430.jpeg,tail_lamp,V
image/1431.jpeg,bumper_scratch,V
image/1432.jpeg,door_scratch,V
image/1433.jpeg,unknown,V
image/1434.jpeg,door_dent,V
image/1435.jpeg,unknown,V
image/1436.jpeg,door_dent,V
image/1437.jpeg,bumper_scratch,V
image/1438.jpeg,door_scratch,V
image/1439.jpeg,door_dent,V
image/1440.jpeg,unknown,V
image/1441.jpeg,unknown,V
image/1442.jpeg,glass_shatter,V
image/1443.jpeg,unknown,V
image/1444.jpeg,head_lamp,V
image/1445.jpeg,tail_lamp,V
image/1446.jpeg,tail_lamp,V
image/1447.jpeg,head_lamp,V
image/1448.jpeg,glass_shatter,V
image/1449.jpeg,door_scratch,V
image/1450.jpeg,door_scratch,V
image/1451.jpeg,glass_shatter,V
image/1452.jpeg,head_lamp,V
image/1453.jpeg,door_dent,V
image/1454.jpeg,unknown,V
image/1455.jpeg,unknown,V
image/1456.jpeg,unknown,V
image/1457.jpeg,door_scratch,V
image/1458.jpeg,glass_shatter,V
image/1459.jpeg,door_dent,V
image/1460.jpeg,door_scratch,V
image/1461.jpeg,unknown,V
image/1462.jpeg,door_dent,V
image/1463.jpeg,head_lamp,V
image/1464.jpeg,unknown,V
image/1465.jpeg,head_lamp,V
image/1466.jpeg,head_lamp,V
image/1467.jpeg,unknown,V
image/1468.jpeg,head_lamp,V
image/1469.jpeg,head_lamp,V
image/1470.jpeg,unknown,V
image/1471.jpeg,unknown,V
image/1472.jpeg,head_lamp,V
image/1473.jpeg,glass_shatter,V
image/1474.jpeg,unknown,V
image/1475.jpeg,bumper_dent,V
image/1476.jpeg,tail_lamp,V
image/1477.jpeg,unknown,V
image/1478.jpeg,bumper_dent,V
image/1479.jpeg,unknown,V
image/1480.jpeg,unknown,V
image/1481.jpeg,door_scratch,V
image/1482.jpeg,tail_lamp,V
image/1483.jpeg,unknown,V
image/1484.jpeg,door_dent,V
image/1485.jpeg,door_dent,V
image/1486.jpeg,unknown,V
image/1487.jpeg,unknown,V
image/1488.jpeg,unknown,V
image/1489.jpeg,unknown,V
image/1490.jpeg,glass_shatter,V
image/1491.jpeg,unknown,V
image/1492.jpeg,unknown,V
image/1493.jpeg,head_lamp,V
image/1494.jpeg,unknown,V
image/1495.jpeg,door_scratch,V
image/1496.jpeg,unknown,V
image/1497.jpeg,bumper_scratch,V
image/1498.jpeg,head_lamp,V
image/1499.jpeg,door_scratch,V
image/1500.jpeg,bumper_scratch,V
image/1501.jpeg,door_dent,V
image/1502.jpeg,tail_lamp,V
image/1503.jpeg,tail_lamp,V
image/1504.jpeg,tail_lamp,V
image/1505.jpeg,unknown,V
image/1506.jpeg,door_scratch,V
image/1507.jpeg,unknown,V
image/1508.jpeg,glass_shatter,V
image/1509.jpeg,unknown,V
image/1510.jpeg,unknown,V
image/1511.jpeg,glass_shatter,V
image/1229.jpeg,bumper_scratch,V
image/1235.jpeg,bumper_scratch,V
image/1248.jpeg,bumper_scratch,V
image/1277.jpeg,bumper_scratch,V
image/1308.jpeg,bumper_scratch,V
image/1310.jpeg,bumper_scratch,V
image/1336.jpeg,bumper_scratch,V
image/1339.jpeg,bumper_scratch,V
image/1355.jpeg,bumper_scratch,V
image/1366.jpeg,bumper_scratch,V
image/1392.jpeg,bumper_scratch,V
image/1399.jpeg,bumper_scratch,V
image/1431.jpeg,bumper_scratch,V
image/1437.jpeg,bumper_scratch,V
image/1497.jpeg,bumper_scratch,V
image/1500.jpeg,bumper_scratch,V
